image_path,label,class_id
image/lou_0096.jpg,spalling,3
image/kong_0066.jpg,void,2
image/xiu_150.jpg,corrosion,4
image/kong_0316.jpg,void,2
image/gangf_116.jpg,steel_crack,1
image/lou_0134.jpg,spalling,3
image/xiu_201.jpg,corrosion,4
image/gangf_168.jpg,steel_crack,1
image/xiu_208.jpg,corrosion,4
image/kong_0284.jpg,void,2
image/kong_0293.jpg,void,2
image/lou_0356.jpg,spalling,3
image/lou_0324.jpg,spalling,3
image/00661.jpg,pothole,5
image/gangf_167.jpg,steel_crack,1
image/crack_0016.jpg,concrete_crack,0
image/kong_0086.jpg,void,2
image/xiu_046.jpg,corrosion,4
image/xiu_137.jpg,corrosion,4
image/crack_0046.jpg,concrete_crack,0
image/gangf_103.jpg,steel_crack,1
image/crack_0513.jpg,concrete_crack,0
image/00020.jpg,pothole,5
image/gangf_250.jpg,steel_crack,1
image/xiu_148.jpg,corrosion,4
image/kong_0272.jpg,void,2
image/kong_0121.jpg,void,2
image/kong_0331.jpg,void,2
image/crack_0161.jpg,concrete_crack,0
image/gangf_061.jpg,steel_crack,1
image/crack_0494.jpg,concrete_crack,0
image/crack_0162.jpg,concrete_crack,0
image/kong_0380.jpg,void,2
image/gangf_274.jpg,steel_crack,1
image/00065.jpg,pothole,5
image/gangf_153.jpg,steel_crack,1
image/kong_0353.jpg,void,2
image/crack_0015.jpg,concrete_crack,0
image/crack_0039.jpg,concrete_crack,0
image/kong_0364.jpg,void,2
image/gangf_255.jpg,steel_crack,1
image/gangf_129.jpg,steel_crack,1
image/lou_0341.jpg,spalling,3
image/gangf_262.jpg,steel_crack,1
image/kong_0276.jpg,void,2
image/lou_0410.jpg,spalling,3
image/lou_0176.jpg,spalling,3
image/kong_0302.jpg,void,2
image/gangf_059.jpg,steel_crack,1
image/lou_0353.jpg,spalling,3
image/xiu_168.jpg,corrosion,4
image/kong_0286.jpg,void,2
image/xiu_190.jpg,corrosion,4
image/xiu_077.jpg,corrosion,4
image/lou_0380.jpg,spalling,3
image/lou_0194.jpg,spalling,3
image/lou_0060.jpg,spalling,3
image/kong_0377.jpg,void,2
image/31.jpg,honeycomb,6
image/00061.jpg,pothole,5
image/gangf_042.jpg,steel_crack,1
image/crack_0504.jpg,concrete_crack,0
image/kong_0367.jpg,void,2
image/gangf_216.jpg,steel_crack,1
image/gangf_202.jpg,steel_crack,1
image/kong_0152.jpg,void,2
image/80.jpg,looseness,7
image/crack_0692.jpg,concrete_crack,0
image/kong_0349.jpg,void,2
image/24.jpg,honeycomb,6
image/kong_0281.jpg,void,2
image/gangf_147.jpg,steel_crack,1
image/gangf_176.jpg,steel_crack,1
image/xiu_194.jpg,corrosion,4
image/62.jpeg,looseness,7
image/gangf_119.jpg,steel_crack,1
image/00698.jpg,pothole,5
image/crack_0700.jpg,concrete_crack,0
image/xiu_175.jpg,corrosion,4
image/gangf_272.jpg,steel_crack,1
image/lou_0349.jpg,spalling,3
image/lou_0327.jpg,spalling,3
image/xiu_080.jpg,corrosion,4
image/11.jpg,honeycomb,6
image/crack_0682.jpg,concrete_crack,0
image/3.jpg,efflorescence,8
image/gangf_114.jpg,steel_crack,1
image/lou_0387.jpg,spalling,3
image/xiu_068.jpg,corrosion,4
image/noncrack_noncrack_concrete_wall_72_1.jpg,non_damage,9
image/crack_0685.jpg,concrete_crack,0
image/crack_0024.jpg,concrete_crack,0
image/lou_0145.jpg,spalling,3
image/lou_0169.jpg,spalling,3
image/00687.jpg,pothole,5
image/lou_0277.jpg,spalling,3
image/lou_0361.jpg,spalling,3
image/lou_0066.jpg,spalling,3
image/xiu_117.jpg,corrosion,4
image/lou_0306.jpg,spalling,3
image/00669.jpg,pothole,5
image/xiu_225.jpg,corrosion,4
image/gangf_058.jpg,steel_crack,1
image/58.jpg,honeycomb,6
image/10.jpg,honeycomb,6
image/xiu_215.jpg,corrosion,4
image/gangf_237.jpg,steel_crack,1
image/00707.jpg,pothole,5
image/xiu_144.jpg,corrosion,4
image/noncrack_noncrack_concrete_wall_16_0.jpg,non_damage,9
image/lou_0068.jpg,spalling,3
image/crack_0035.jpg,concrete_crack,0
image/xiu_065.jpg,corrosion,4
image/gangf_141.jpg,steel_crack,1
image/00643.jpg,pothole,5
image/gangf_064.jpg,steel_crack,1
image/crack_0190.jpg,concrete_crack,0
image/lou_0112.jpg,spalling,3
image/crack_0227.jpg,concrete_crack,0
image/22.jpg,honeycomb,6
image/gangf_082.jpg,steel_crack,1
image/lou_0057.jpg,spalling,3
image/gangf_093.jpg,steel_crack,1
image/xiu_113.jpg,corrosion,4
image/lou_0312.jpg,spalling,3
image/xiu_142.jpg,corrosion,4
image/xiu_034.jpg,corrosion,4
image/gangf_048.jpg,steel_crack,1
image/gangf_047.jpg,steel_crack,1
image/xiu_232.jpg,corrosion,4
image/lou_0087.jpg,spalling,3
image/lou_0163.jpg,spalling,3
image/kong_0314.jpg,void,2
image/gangf_243.jpg,steel_crack,1
image/49.JPG,honeycomb,6
image/kong_0092.jpg,void,2
image/kong_0328.jpg,void,2
image/crack_0007.jpg,concrete_crack,0
image/lou_0401.jpg,spalling,3
image/lou_0375.jpg,spalling,3
image/xiu_070.jpg,corrosion,4
image/00683.jpg,pothole,5
image/lou_0344.jpg,spalling,3
image/kong_0135.jpg,void,2
image/kong_0083.jpg,void,2
image/gangf_085.jpg,steel_crack,1
image/gangf_224.jpg,steel_crack,1
image/gangf_040.jpg,steel_crack,1
image/gangf_246.jpg,steel_crack,1
image/crack_0164.jpg,concrete_crack,0
image/kong_0330.jpg,void,2
image/kong_0108.jpg,void,2
image/gangf_056.jpg,steel_crack,1
image/lou_0061.jpg,spalling,3
image/gangf_194.jpg,steel_crack,1
image/xiu_094.jpg,corrosion,4
image/xiu_161.jpg,corrosion,4
image/kong_0362.jpg,void,2
image/lou_0339.jpg,spalling,3
image/kong_0360.jpg,void,2
image/gangf_118.jpg,steel_crack,1
image/gangf_162.jpg,steel_crack,1
image/kong_0124.jpg,void,2
image/lou_0088.jpg,spalling,3
image/lou_0058.jpg,spalling,3
image/xiu_107.jpg,corrosion,4
image/lou_0402.jpg,spalling,3
image/lou_0334.jpg,spalling,3
image/gangf_087.jpg,steel_crack,1
image/kong_0082.jpg,void,2
image/lou_0405.jpg,spalling,3
image/lou_0137.jpg,spalling,3
image/kong_0120.jpg,void,2
image/crack_0033.jpg,concrete_crack,0
image/crack_0524.jpg,concrete_crack,0
image/gangf_210.jpg,steel_crack,1
image/gangf_219.jpg,steel_crack,1
image/kong_0069.jpg,void,2
image/lou_0350.jpg,spalling,3
image/gangf_044.jpg,steel_crack,1
image/lou_0335.jpg,spalling,3
image/lou_0337.jpg,spalling,3
image/kong_0077.jpg,void,2
image/crack_0194.jpg,concrete_crack,0
image/gangf_248.jpg,steel_crack,1
image/kong_0147.jpg,void,2
image/kong_0111.jpg,void,2
image/xiu_134.jpg,corrosion,4
image/lou_0053.jpg,spalling,3
image/00721.jpg,pothole,5
image/xiu_193.jpg,corrosion,4
image/51.jpg,honeycomb,6
image/gangf_241.jpg,steel_crack,1
image/gangf_179.jpg,steel_crack,1
image/lou_0063.jpg,spalling,3
image/crack_0193.jpg,concrete_crack,0
image/xiu_058.jpg,corrosion,4
image/noncrack_noncrack_concrete_wall_41_1.jpg,non_damage,9
image/xiu_155.jpg,corrosion,4
image/kong_0301.jpg,void,2
image/00685.jpg,pothole,5
image/lou_0094.jpg,spalling,3
image/kong_0374.jpg,void,2
image/noncrack_noncrack_concrete_wall_65_1.jpg,non_damage,9
image/gangf_132.jpg,steel_crack,1
image/lou_0168.jpg,spalling,3
image/crack_0687.jpg,concrete_crack,0
image/crack_0228.jpg,concrete_crack,0
image/xiu_085.jpg,corrosion,4
image/gangf_122.jpg,steel_crack,1
image/gangf_052.jpg,steel_crack,1
image/kong_0072.jpg,void,2
image/56.jpg,honeycomb,6
image/gangf_138.jpg,steel_crack,1
image/41.JPG,honeycomb,6
image/xiu_214.jpg,corrosion,4
image/crack_0012.jpg,concrete_crack,0
image/kong_0067.jpg,void,2
image/crack_0684.jpg,concrete_crack,0
image/xiu_114.jpg,corrosion,4
image/45.JPG,honeycomb,6
image/crack_0160.jpg,concrete_crack,0
image/kong_0095.jpg,void,2
image/kong_0291.jpg,void,2
image/lou_0374.jpg,spalling,3
image/kong_0091.jpg,void,2
image/lou_0391.jpg,spalling,3
image/00642.jpg,pothole,5
image/crack_0173.jpg,concrete_crack,0
image/crack_0488.jpg,concrete_crack,0
image/kong_0373.jpg,void,2
image/kong_0118.jpg,void,2
image/kong_0103.jpg,void,2
image/gangf_217.jpg,steel_crack,1
image/00700.jpg,pothole,5
image/crack_0038.jpg,concrete_crack,0
image/crack_0011.jpg,concrete_crack,0
image/gangf_174.jpg,steel_crack,1
image/00720.jpg,pothole,5
image/xiu_133.jpg,corrosion,4
image/kong_0346.jpg,void,2
image/crack_0230.jpg,concrete_crack,0
image/lou_0114.jpg,spalling,3
image/gangf_260.jpg,steel_crack,1
image/lou_0390.jpg,spalling,3
image/lou_0164.jpg,spalling,3
image/78.jpg,looseness,7
image/lou_0305.jpg,spalling,3
image/kong_0113.jpg,void,2
image/00696.jpg,pothole,5
image/crack_0491.jpg,concrete_crack,0
image/crack_0516.jpg,concrete_crack,0
image/crack_0027.jpg,concrete_crack,0
image/00688.jpg,pothole,5
image/xiu_035.jpg,corrosion,4
image/lou_0397.jpg,spalling,3
image/kong_0348.jpg,void,2
image/xiu_091.jpg,corrosion,4
image/crack_0503.jpg,concrete_crack,0
image/kong_0130.jpg,void,2
image/gangf_159.jpg,steel_crack,1
image/xiu_159.jpg,corrosion,4
image/72.jpg,looseness,7
image/gangf_245.jpg,steel_crack,1
image/lou_0376.jpg,spalling,3
image/crack_0489.jpg,concrete_crack,0
image/4.jpg,efflorescence,8
image/kong_0271.jpg,void,2
image/lou_0381.jpg,spalling,3
image/gangf_033.jpg,steel_crack,1
image/gangf_139.jpg,steel_crack,1
image/gangf_201.jpg,steel_crack,1
image/xiu_045.jpg,corrosion,4
image/00686.jpg,pothole,5
image/xiu_063.jpg,corrosion,4
image/gangf_130.jpg,steel_crack,1
image/00682.jpg,pothole,5
image/kong_0134.jpg,void,2
image/xiu_182.jpg,corrosion,4
image/kong_0274.jpg,void,2
image/lou_0404.jpg,spalling,3
image/kong_0391.jpg,void,2
image/kong_0363.jpg,void,2
image/xiu_040.jpg,corrosion,4
image/kong_0376.jpg,void,2
image/crack_0175.jpg,concrete_crack,0
image/gangf_127.jpg,steel_crack,1
image/lou_0297.jpg,spalling,3
image/kong_0062.jpg,void,2
image/xiu_043.jpg,corrosion,4
image/kong_0308.jpg,void,2
image/xiu_037.jpg,corrosion,4
image/lou_0120.jpg,spalling,3
image/gangf_239.jpg,steel_crack,1
image/lou_0228.jpg,spalling,3
image/43.JPG,honeycomb,6
image/kong_0338.jpg,void,2
image/lou_0261.jpg,spalling,3
image/xiu_101.jpg,corrosion,4
image/kong_0375.jpg,void,2
image/kong_0285.jpg,void,2
image/noncrack_noncrack_concrete_wall_49_0.jpg,non_damage,9
image/gangf_081.jpg,steel_crack,1
image/xiu_047.jpg,corrosion,4
image/00058.jpg,pothole,5
image/gangf_089.jpg,steel_crack,1
image/crack_0031.jpg,concrete_crack,0
image/gangf_072.jpg,steel_crack,1
image/gangf_135.jpg,steel_crack,1
image/lou_0265.jpg,spalling,3
image/lou_0170.jpg,spalling,3
image/kong_0329.jpg,void,2
image/noncrack_noncrack_concrete_wall_43_0.jpg,non_damage,9
image/xiu_132.jpg,corrosion,4
image/gangf_256.jpg,steel_crack,1
image/lou_0152.jpg,spalling,3
image/gangf_149.jpg,steel_crack,1
image/lou_0159.jpg,spalling,3
image/kong_0064.jpg,void,2
image/crack_0525.jpg,concrete_crack,0
image/gangf_220.jpg,steel_crack,1
image/xiu_116.jpg,corrosion,4
image/xiu_221.jpg,corrosion,4
image/kong_0361.jpg,void,2
image/lou_0384.jpg,spalling,3
image/noncrack_noncrack_concrete_wall_28_0.jpg,non_damage,9
image/kong_0298.jpg,void,2
image/gangf_039.jpg,steel_crack,1
image/crack_0025.jpg,concrete_crack,0
image/lou_0173.jpg,spalling,3
image/00723.jpg,pothole,5
image/00703.jpg,pothole,5
image/crack_0201.jpg,concrete_crack,0
image/52.jpg,honeycomb,6
image/gangf_140.jpg,steel_crack,1
image/gangf_240.jpg,steel_crack,1
image/00710.jpg,pothole,5
image/crack_0001.jpg,concrete_crack,0
image/gangf_214.jpg,steel_crack,1
image/gangf_104.jpg,steel_crack,1
image/gangf_095.jpg,steel_crack,1
image/xiu_092.jpg,corrosion,4
image/kong_0081.jpg,void,2
image/gangf_270.jpg,steel_crack,1
image/kong_0116.jpg,void,2
image/xiu_088.jpg,corrosion,4
image/gangf_192.jpg,steel_crack,1
image/lou_0070.jpg,spalling,3
image/gangf_158.jpg,steel_crack,1
image/crack_0009.jpg,concrete_crack,0
image/xiu_223.jpg,corrosion,4
image/gangf_166.jpg,steel_crack,1
image/13.jpg,honeycomb,6
image/lou_0138.jpg,spalling,3
image/gangf_196.jpg,steel_crack,1
image/xiu_086.jpg,corrosion,4
image/gangf_182.jpg,steel_crack,1
image/gangf_121.jpg,steel_crack,1
image/crack_0521.jpg,concrete_crack,0
image/lou_0323.jpg,spalling,3
image/lou_0260.jpg,spalling,3
image/crack_0165.jpg,concrete_crack,0
image/00029.jpg,pothole,5
image/00704.jpg,pothole,5
image/gangf_031.jpg,steel_crack,1
image/gangf_050.jpg,steel_crack,1
image/xiu_031.jpg,corrosion,4
image/gangf_232.jpg,steel_crack,1
image/gangf_195.jpg,steel_crack,1
image/kong_0334.jpg,void,2
image/kong_0339.jpg,void,2
image/gangf_046.jpg,steel_crack,1
image/noncrack_noncrack_concrete_wall_1_0.jpg,non_damage,9
image/lou_0298.jpg,spalling,3
image/gangf_259.jpg,steel_crack,1
image/crack_0043.jpg,concrete_crack,0
image/lou_0333.jpg,spalling,3
image/crack_0167.jpg,concrete_crack,0
image/lou_0065.jpg,spalling,3
image/crack_0225.jpg,concrete_crack,0
image/kong_0098.jpg,void,2
image/kong_0158.jpg,void,2
image/xiu_206.jpg,corrosion,4
image/00969.jpg,pothole,5
image/crack_0041.jpg,concrete_crack,0
image/kong_0343.jpg,void,2
image/xiu_082.jpg,corrosion,4
image/xiu_222.jpg,corrosion,4
image/xiu_226.jpg,corrosion,4
image/20.jpg,honeycomb,6
image/kong_0100.jpg,void,2
image/crack_0017.jpg,concrete_crack,0
image/xiu_136.jpg,corrosion,4
image/8.jpg,honeycomb,6
image/44.JPG,honeycomb,6
image/lou_0274.jpg,spalling,3
image/gangf_071.jpg,steel_crack,1
image/lou_0089.jpg,spalling,3
image/xiu_230.jpg,corrosion,4
image/kong_0388.jpg,void,2
image/lou_0056.jpg,spalling,3
image/kong_0372.jpg,void,2
image/crack_0518.jpg,concrete_crack,0
image/xiu_199.jpg,corrosion,4
image/kong_0114.jpg,void,2
image/26.jpg,honeycomb,6
image/xiu_036.jpg,corrosion,4
image/kong_0146.jpg,void,2
image/crack_0507.jpg,concrete_crack,0
image/crack_0036.jpg,concrete_crack,0
image/kong_0356.jpg,void,2
image/gangf_264.jpg,steel_crack,1
image/gangf_083.jpg,steel_crack,1
image/kong_0320.jpg,void,2
image/kong_0386.jpg,void,2
image/xiu_170.jpg,corrosion,4
image/gangf_080.jpg,steel_crack,1
image/crack_0022.jpg,concrete_crack,0
image/gangf_101.jpg,steel_crack,1
image/kong_0312.jpg,void,2
image/lou_0165.jpg,spalling,3
image/xiu_183.jpg,corrosion,4
image/gangf_097.jpg,steel_crack,1
image/00666.jpg,pothole,5
image/xiu_196.jpg,corrosion,4
image/xiu_147.jpg,corrosion,4
image/kong_0337.jpg,void,2
image/lou_0135.jpg,spalling,3
image/lou_0370.jpg,spalling,3
image/gangf_036.jpg,steel_crack,1
image/lou_0330.jpg,spalling,3
image/xiu_120.jpg,corrosion,4
image/lou_0378.jpg,spalling,3
image/lou_0418.jpg,spalling,3
image/xiu_112.jpg,corrosion,4
image/gangf_186.jpg,steel_crack,1
image/gangf_257.jpg,steel_crack,1
image/lou_0174.jpg,spalling,3
image/53.jpg,honeycomb,6
image/noncrack_noncrack_concrete_wall_26_0.jpg,non_damage,9
image/kong_0347.jpg,void,2
image/kong_0157.jpg,void,2
image/crack_0500.jpg,concrete_crack,0
image/crack_0681.jpg,concrete_crack,0
image/lou_0092.jpg,spalling,3
image/00713.jpg,pothole,5
image/kong_0142.jpg,void,2
image/crack_0047.jpg,concrete_crack,0
image/crack_0505.jpg,concrete_crack,0
image/kong_0395.jpg,void,2
image/42.JPG,honeycomb,6
image/kong_0126.jpg,void,2
image/crack_0693.jpg,concrete_crack,0
image/lou_0179.jpg,spalling,3
image/crack_0187.jpg,concrete_crack,0
image/kong_0269.jpg,void,2
image/noncrack_noncrack_concrete_wall_24_22.jpg,non_damage,9
image/18.jpeg,honeycomb,6
image/57.jpg,honeycomb,6
image/lou_0338.jpg,spalling,3
image/xiu_198.jpg,corrosion,4
image/lou_0109.jpg,spalling,3
image/crack_0698.jpg,concrete_crack,0
image/crack_0498.jpg,concrete_crack,0
image/kong_0381.jpg,void,2
image/lou_0158.jpg,spalling,3
image/crack_0515.jpg,concrete_crack,0
image/crack_0495.jpg,concrete_crack,0
image/kong_0156.jpg,void,2
image/gangf_251.jpg,steel_crack,1
image/kong_0065.jpg,void,2
image/00712.jpg,pothole,5
image/lou_0048.jpg,spalling,3
image/xiu_169.jpg,corrosion,4
image/crack_0010.jpg,concrete_crack,0
image/kong_0296.jpg,void,2
image/gangf_090.jpg,steel_crack,1
image/kong_0392.jpg,void,2
image/kong_0159.jpg,void,2
image/xiu_152.jpg,corrosion,4
image/00702.jpg,pothole,5
image/lou_0286.jpg,spalling,3
image/gangf_177.jpg,steel_crack,1
image/kong_0344.jpg,void,2
image/lou_0364.jpg,spalling,3
image/79.jpg,looseness,7
image/65.jpeg,looseness,7
image/xiu_171.jpg,corrosion,4
image/kong_0141.jpg,void,2
image/70.jpg,looseness,7
image/gangf_205.jpg,steel_crack,1
image/lou_0064.jpg,spalling,3
image/kong_0389.jpg,void,2
image/lou_0419.jpg,spalling,3
image/crack_0040.jpg,concrete_crack,0
image/crack_0179.jpg,concrete_crack,0
image/00670.jpg,pothole,5
image/16.jpg,honeycomb,6
image/gangf_228.jpg,steel_crack,1
image/lou_0403.jpg,spalling,3
image/77.jpg,looseness,7
image/xiu_186.jpg,corrosion,4
image/lou_0059.jpg,spalling,3
image/kong_0131.jpg,void,2
image/gangf_238.jpg,steel_crack,1
image/gangf_156.jpg,steel_crack,1
image/gangf_234.jpg,steel_crack,1
image/noncrack_noncrack_concrete_wall_58_0.jpg,non_damage,9
image/kong_0073.jpg,void,2
image/lou_0351.jpg,spalling,3
image/crack_0180.jpg,concrete_crack,0
image/gangf_235.jpg,steel_crack,1
image/crack_0019.jpg,concrete_crack,0
image/kong_0160.jpg,void,2
image/00692.jpg,pothole,5
image/00689.jpg,pothole,5
image/kong_0070.jpg,void,2
image/kong_0279.jpg,void,2
image/lou_0139.jpg,spalling,3
image/xiu_135.jpg,corrosion,4
image/gangf_173.jpg,steel_crack,1
image/lou_0110.jpg,spalling,3
image/crack_0691.jpg,concrete_crack,0
image/lou_0116.jpg,spalling,3
image/crack_0530.jpg,concrete_crack,0
image/noncrack_noncrack_concrete_wall_16_2.jpg,non_damage,9
image/gangf_079.jpg,steel_crack,1
image/00657.jpg,pothole,5
image/kong_0294.jpg,void,2
image/gangf_187.jpg,steel_crack,1
image/crack_0037.jpg,concrete_crack,0
image/xiu_089.jpg,corrosion,4
image/kong_0094.jpg,void,2
image/gangf_225.jpg,steel_crack,1
image/gangf_142.jpg,steel_crack,1
image/gangf_263.jpg,steel_crack,1
image/kong_0105.jpg,void,2
image/crack_0196.jpg,concrete_crack,0
image/2.jpg,efflorescence,8
image/lou_0411.jpg,spalling,3
image/lou_0343.jpg,spalling,3
image/lou_0234.jpg,spalling,3
image/crack_0050.jpg,concrete_crack,0
image/crack_0195.jpg,concrete_crack,0
image/kong_0289.jpg,void,2
image/xiu_210.jpg,corrosion,4
image/crack_0168.jpg,concrete_crack,0
image/lou_0157.jpg,spalling,3
image/28.jpg,honeycomb,6
image/kong_0288.jpg,void,2
image/gangf_111.jpg,steel_crack,1
image/crack_0493.jpg,concrete_crack,0
image/kong_0297.jpg,void,2
image/gangf_175.jpg,steel_crack,1
image/noncrack_noncrack_concrete_wall_76_0.jpg,non_damage,9
image/35.jpg,honeycomb,6
image/00722.jpg,pothole,5
image/gangf_190.jpg,steel_crack,1
image/kong_0379.jpg,void,2
image/lou_0167.jpg,spalling,3
image/gangf_185.jpg,steel_crack,1
image/kong_0319.jpg,void,2
image/66.jpeg,looseness,7
image/gangf_054.jpg,steel_crack,1
image/crack_0005.jpg,concrete_crack,0
image/55.jpg,honeycomb,6
image/crack_0686.jpg,concrete_crack,0
image/kong_0144.jpg,void,2
image/54.jpg,honeycomb,6
image/gangf_137.jpg,steel_crack,1
image/kong_0112.jpg,void,2
image/kong_0155.jpg,void,2
image/lou_0395.jpg,spalling,3
image/gangf_126.jpg,steel_crack,1
image/crack_0023.jpg,concrete_crack,0
image/xiu_062.jpg,corrosion,4
image/noncrack_noncrack_concrete_wall_68_0.jpg,non_damage,9
image/xiu_064.jpg,corrosion,4
image/kong_0315.jpg,void,2
image/lou_0346.jpg,spalling,3
image/xiu_098.jpg,corrosion,4
image/crack_0197.jpg,concrete_crack,0
image/gangf_078.jpg,steel_crack,1
image/gangf_254.jpg,steel_crack,1
image/00674.jpg,pothole,5
image/34.jpg,honeycomb,6
image/xiu_084.jpg,corrosion,4
image/00659.jpg,pothole,5
image/gangf_043.jpg,steel_crack,1
image/gangf_154.jpg,steel_crack,1
image/lou_0267.jpg,spalling,3
image/lou_0204.jpg,spalling,3
image/xiu_073.jpg,corrosion,4
image/crack_0229.jpg,concrete_crack,0
image/crack_0200.jpg,concrete_crack,0
image/gangf_203.jpg,steel_crack,1
image/gangf_183.jpg,steel_crack,1
image/lou_0367.jpg,spalling,3
image/63.jpg,looseness,7
image/gangf_261.jpg,steel_crack,1
image/crack_0497.jpg,concrete_crack,0
image/lou_0278.jpg,spalling,3
image/gangf_242.jpg,steel_crack,1
image/gangf_236.jpg,steel_crack,1
image/xiu_081.jpg,corrosion,4
image/xiu_125.jpg,corrosion,4
image/xiu_179.jpg,corrosion,4
image/xiu_061.jpg,corrosion,4
image/lou_0144.jpg,spalling,3
image/lou_0054.jpg,spalling,3
image/noncrack_noncrack_concrete_wall_0_0.jpg,non_damage,9
image/crack_0048.jpg,concrete_crack,0
image/36.jpg,honeycomb,6
image/gangf_226.jpg,steel_crack,1
image/6.jpg,honeycomb,6
image/gangf_051.jpg,steel_crack,1
image/crack_0003.jpg,concrete_crack,0
image/lou_0293.jpg,spalling,3
image/crack_0186.jpg,concrete_crack,0
image/82.jpg,looseness,7
image/xiu_083.jpg,corrosion,4
image/lou_0271.jpg,spalling,3
image/xiu_071.jpg,corrosion,4
image/kong_0128.jpg,void,2
image/gangf_136.jpg,steel_crack,1
image/xiu_188.jpg,corrosion,4
image/29.jpg,honeycomb,6
image/gangf_209.jpg,steel_crack,1
image/crack_0517.jpg,concrete_crack,0
image/25.jpg,honeycomb,6
image/kong_0136.jpg,void,2
image/69.JPG,looseness,7
image/kong_0275.jpg,void,2
image/gangf_171.jpg,steel_crack,1
image/crack_0163.jpg,concrete_crack,0
image/64.png,looseness,7
image/kong_0327.jpg,void,2
image/kong_0273.jpg,void,2
image/81.jpg,looseness,7
image/00711.jpg,pothole,5
image/xiu_108.jpg,corrosion,4
image/xiu_069.jpg,corrosion,4
image/gangf_123.jpg,steel_crack,1
image/7.jpg,honeycomb,6
image/00690.jpg,pothole,5
image/kong_0151.jpg,void,2
image/83.png,looseness,7
image/xiu_039.jpg,corrosion,4
image/lou_0147.jpg,spalling,3
image/73.jpg,looseness,7
image/gangf_053.jpg,steel_crack,1
image/xiu_146.jpg,corrosion,4
image/gangf_084.jpg,steel_crack,1
image/xiu_072.jpg,corrosion,4
image/xiu_033.jpg,corrosion,4
image/xiu_138.jpg,corrosion,4
image/crack_0198.jpg,concrete_crack,0
image/gangf_275.jpg,steel_crack,1
image/xiu_090.jpg,corrosion,4
image/crack_0172.jpg,concrete_crack,0
image/kong_0333.jpg,void,2
image/kong_0358.jpg,void,2
image/xiu_200.jpg,corrosion,4
image/lou_0090.jpg,spalling,3
image/noncrack_noncrack_concrete_wall_74_0.jpg,non_damage,9
image/crack_0014.jpg,concrete_crack,0
image/crack_0499.jpg,concrete_crack,0
image/gangf_069.jpg,steel_crack,1
image/kong_0106.jpg,void,2
image/12.jpg,honeycomb,6
image/gangf_193.jpg,steel_crack,1
image/lou_0279.jpg,spalling,3
image/xiu_122.jpg,corrosion,4
image/xiu_127.jpg,corrosion,4
image/crack_0520.jpg,concrete_crack,0
image/xiu_076.jpg,corrosion,4
image/crack_0166.jpg,concrete_crack,0
image/kong_0326.jpg,void,2
image/lou_0415.jpg,spalling,3
image/gangf_110.jpg,steel_crack,1
image/gangf_074.jpg,steel_crack,1
image/xiu_176.jpg,corrosion,4
image/lou_0095.jpg,spalling,3
image/lou_0046.jpg,spalling,3
image/noncrack_noncrack_concrete_wall_10_0.jpg,non_damage,9
image/xiu_130.jpg,corrosion,4
image/gangf_035.jpg,steel_crack,1
image/lou_0362.jpg,spalling,3
image/gangf_146.jpg,steel_crack,1
image/kong_0292.jpg,void,2
image/gangf_172.jpg,steel_crack,1
image/xiu_110.jpg,corrosion,4
image/lou_0117.jpg,spalling,3
image/00064.jpg,pothole,5
image/lou_0294.jpg,spalling,3
image/xiu_049.jpg,corrosion,4
image/kong_0071.jpg,void,2
image/gangf_211.jpg,steel_crack,1
image/gangf_120.jpg,steel_crack,1
image/xiu_220.jpg,corrosion,4
image/30.jpg,honeycomb,6
image/00072.jpg,pothole,5
image/lou_0262.jpg,spalling,3
image/kong_0084.jpg,void,2
image/kong_0355.jpg,void,2
image/kong_0350.jpg,void,2
image/gangf_222.jpg,steel_crack,1
image/crack_0042.jpg,concrete_crack,0
image/00719.jpg,pothole,5
image/lou_0091.jpg,spalling,3
image/gangf_215.jpg,steel_crack,1
image/61.jpeg,looseness,7
image/gangf_117.jpg,steel_crack,1
image/lou_0355.jpg,spalling,3
image/gangf_191.jpg,steel_crack,1
image/gangf_034.jpg,steel_crack,1
image/kong_0341.jpg,void,2
image/crack_0184.jpg,concrete_crack,0
image/gangf_143.jpg,steel_crack,1
image/gangf_230.jpg,steel_crack,1
image/kong_0089.jpg,void,2
image/gangf_148.jpg,steel_crack,1
image/kong_0345.jpg,void,2
image/xiu_213.jpg,corrosion,4
image/xiu_195.jpg,corrosion,4
image/xiu_078.jpg,corrosion,4
image/00695.jpg,pothole,5
image/gangf_038.jpg,steel_crack,1
image/lou_0321.jpg,spalling,3
image/kong_0078.jpg,void,2
image/xiu_211.jpg,corrosion,4
image/xiu_109.jpg,corrosion,4
image/17.jpg,honeycomb,6
image/gangf_247.jpg,steel_crack,1
image/lou_0141.jpg,spalling,3
image/47.JPG,honeycomb,6
image/xiu_189.jpg,corrosion,4
image/xiu_180.jpg,corrosion,4
image/21.jpeg,honeycomb,6
image/lou_0285.jpg,spalling,3
image/xiu_050.jpg,corrosion,4
image/xiu_167.jpg,corrosion,4
image/kong_0076.jpg,void,2
image/85.png,looseness,7
image/lou_0365.jpg,spalling,3
image/gangf_207.jpg,steel_crack,1
image/xiu_202.jpg,corrosion,4
image/kong_0104.jpg,void,2
image/kong_0079.jpg,void,2
image/crack_0695.jpg,concrete_crack,0
image/xiu_054.jpg,corrosion,4
image/gangf_213.jpg,steel_crack,1
image/00656.jpg,pothole,5
image/lou_0052.jpg,spalling,3
image/xiu_053.jpg,corrosion,4
image/kong_0074.jpg,void,2
image/noncrack_noncrack_concrete_wall_20_6.jpg,non_damage,9
image/xiu_055.jpg,corrosion,4
image/gangf_063.jpg,steel_crack,1
image/xiu_165.jpg,corrosion,4
image/xiu_118.jpg,corrosion,4
image/gangf_200.jpg,steel_crack,1
image/lou_0150.jpg,spalling,3
image/kong_0368.jpg,void,2
image/00676.jpg,pothole,5
image/xiu_126.jpg,corrosion,4
image/kong_0313.jpg,void,2
image/gangf_045.jpg,steel_crack,1
image/xiu_174.jpg,corrosion,4
image/lou_0394.jpg,spalling,3
image/lou_0133.jpg,spalling,3
image/gangf_253.jpg,steel_crack,1
image/kong_0384.jpg,void,2
image/kong_0075.jpg,void,2
image/gangf_155.jpg,steel_crack,1
image/60.jpeg,looseness,7
image/xiu_067.jpg,corrosion,4
image/kong_0122.jpg,void,2
image/kong_0370.jpg,void,2
image/kong_0096.jpg,void,2
image/lou_0119.jpg,spalling,3
image/noncrack_noncrack_concrete_wall_39_0.jpg,non_damage,9
image/40.JPG,honeycomb,6
image/00725.jpg,pothole,5
image/lou_0161.jpg,spalling,3
image/00679.jpg,pothole,5
image/lou_0382.jpg,spalling,3
image/00691.jpg,pothole,5
image/lou_0069.jpg,spalling,3
image/75.jpg,looseness,7
image/lou_0371.jpg,spalling,3
image/crack_0514.jpg,concrete_crack,0
image/gangf_161.jpg,steel_crack,1
image/xiu_187.jpg,corrosion,4
image/gangf_133.jpg,steel_crack,1
image/lou_0268.jpg,spalling,3
image/crack_0696.jpg,concrete_crack,0
image/lou_0240.jpg,spalling,3
image/gangf_178.jpg,steel_crack,1
image/lou_0259.jpg,spalling,3
image/14.jpg,honeycomb,6
image/00694.jpg,pothole,5
image/00066.jpg,pothole,5
image/38.JPG,honeycomb,6
image/xiu_048.jpg,corrosion,4
image/crack_0188.jpg,concrete_crack,0
image/lou_0153.jpg,spalling,3
image/gangf_131.jpg,steel_crack,1
image/xiu_041.jpg,corrosion,4
image/lou_0352.jpg,spalling,3
image/xiu_185.jpg,corrosion,4
image/kong_0101.jpg,void,2
image/lou_0377.jpg,spalling,3
image/00975.jpg,pothole,5
image/gangf_102.jpg,steel_crack,1
image/kong_0068.jpg,void,2
image/xiu_119.jpg,corrosion,4
image/kong_0140.jpg,void,2
image/xiu_095.jpg,corrosion,4
image/00002.jpg,pothole,5
image/gangf_065.jpg,steel_crack,1
image/crack_0509.jpg,concrete_crack,0
image/xiu_066.jpg,corrosion,4
image/lou_0291.jpg,spalling,3
image/00655.jpg,pothole,5
image/lou_0050.jpg,spalling,3
image/xiu_143.jpg,corrosion,4
image/lou_0388.jpg,spalling,3
image/xiu_123.jpg,corrosion,4
image/xiu_129.jpg,corrosion,4
image/crack_0496.jpg,concrete_crack,0
image/xiu_224.jpg,corrosion,4
image/xiu_151.jpg,corrosion,4
image/lou_0113.jpg,spalling,3
image/kong_0390.jpg,void,2
image/kong_0150.jpg,void,2
image/crack_0030.jpg,concrete_crack,0
image/crack_0185.jpg,concrete_crack,0
image/xiu_212.jpg,corrosion,4
image/gangf_134.jpg,steel_crack,1
image/gangf_273.jpg,steel_crack,1
image/crack_0181.jpg,concrete_crack,0
image/00654.jpg,pothole,5
image/gangf_152.jpg,steel_crack,1
image/kong_0310.jpg,void,2
image/xiu_207.jpg,corrosion,4
image/kong_0280.jpg,void,2
image/gangf_265.jpg,steel_crack,1
image/kong_0093.jpg,void,2
image/xiu_160.jpg,corrosion,4
image/kong_0323.jpg,void,2
image/lou_0140.jpg,spalling,3
image/kong_0119.jpg,void,2
image/gangf_088.jpg,steel_crack,1
image/crack_0044.jpg,concrete_crack,0
image/kong_0365.jpg,void,2
image/lou_0316.jpg,spalling,3
image/gangf_060.jpg,steel_crack,1
image/1.jpg,efflorescence,8
image/lou_0177.jpg,spalling,3
image/00678.jpg,pothole,5
image/74.jpg,looseness,7
image/crack_0013.jpg,concrete_crack,0
image/xiu_229.jpg,corrosion,4
image/crack_0032.jpg,concrete_crack,0
image/gangf_229.jpg,steel_crack,1
image/crack_0034.jpg,concrete_crack,0
image/kong_0161.jpg,void,2
image/kong_0307.jpg,void,2
image/gangf_189.jpg,steel_crack,1
image/xiu_075.jpg,corrosion,4
image/gangf_075.jpg,steel_crack,1
image/xiu_164.jpg,corrosion,4
image/crack_0191.jpg,concrete_crack,0
image/kong_0085.jpg,void,2
image/xiu_154.jpg,corrosion,4
image/xiu_139.jpg,corrosion,4
image/xiu_173.jpg,corrosion,4
image/gangf_099.jpg,steel_crack,1
image/xiu_056.jpg,corrosion,4
image/gangf_076.jpg,steel_crack,1
image/xiu_204.jpg,corrosion,4
image/kong_0139.jpg,void,2
image/kong_0137.jpg,void,2
image/noncrack_noncrack_concrete_wall_63_0.jpg,non_damage,9
image/xiu_131.jpg,corrosion,4
image/00705.jpg,pothole,5
image/gangf_204.jpg,steel_crack,1
image/gangf_066.jpg,steel_crack,1
image/gangf_109.jpg,steel_crack,1
image/lou_0093.jpg,spalling,3
image/xiu_149.jpg,corrosion,4
image/kong_0102.jpg,void,2
image/xiu_103.jpg,corrosion,4
image/kong_0352.jpg,void,2
image/xiu_100.jpg,corrosion,4
image/xiu_074.jpg,corrosion,4
image/crack_0492.jpg,concrete_crack,0
image/lou_0210.jpg,spalling,3
image/kong_0309.jpg,void,2
image/crack_0529.jpg,concrete_crack,0
image/32.jpg,honeycomb,6
image/noncrack_noncrack_concrete_wall_23_0.jpg,non_damage,9
image/lou_0051.jpg,spalling,3
image/crack_0690.jpg,concrete_crack,0
image/gangf_037.jpg,steel_crack,1
image/crack_0004.jpg,concrete_crack,0
image/xiu_209.jpg,corrosion,4
image/lou_0304.jpg,spalling,3
image/kong_0351.jpg,void,2
image/kong_0371.jpg,void,2
image/kong_0324.jpg,void,2
image/crack_0045.jpg,concrete_crack,0
image/kong_0317.jpg,void,2
image/15.jpg,honeycomb,6
image/lou_0357.jpg,spalling,3
image/kong_0322.jpg,void,2
image/xiu_044.jpg,corrosion,4
image/gangf_091.jpg,steel_crack,1
image/crack_0192.jpg,concrete_crack,0
image/gangf_108.jpg,steel_crack,1
image/lou_0086.jpg,spalling,3
image/kong_0342.jpg,void,2
image/gangf_124.jpg,steel_crack,1
image/gangf_208.jpg,steel_crack,1
image/00715.jpg,pothole,5
image/noncrack_noncrack_concrete_wall_18_0.jpg,non_damage,9
image/lou_0049.jpg,spalling,3
image/xiu_166.jpg,corrosion,4
image/kong_0304.jpg,void,2
image/noncrack_noncrack_concrete_wall_62_0.jpg,non_damage,9
image/kong_0340.jpg,void,2
image/xiu_096.jpg,corrosion,4
image/gangf_206.jpg,steel_crack,1
image/lou_0386.jpg,spalling,3
image/00067.jpg,pothole,5
image/lou_0067.jpg,spalling,3
image/xiu_104.jpg,corrosion,4
image/gangf_180.jpg,steel_crack,1
image/xiu_128.jpg,corrosion,4
image/xiu_203.jpg,corrosion,4
image/kong_0117.jpg,void,2
image/xiu_218.jpg,corrosion,4
image/lou_0171.jpg,spalling,3
image/crack_0699.jpg,concrete_crack,0
image/kong_0385.jpg,void,2
image/lou_0288.jpg,spalling,3
image/00660.jpg,pothole,5
image/xiu_038.jpg,corrosion,4
image/gangf_212.jpg,steel_crack,1
image/crack_0026.jpg,concrete_crack,0
image/gangf_041.jpg,steel_crack,1
image/kong_0148.jpg,void,2
image/gangf_062.jpg,steel_crack,1
image/gangf_086.jpg,steel_crack,1
image/gangf_165.jpg,steel_crack,1
image/kong_0145.jpg,void,2
image/xiu_087.jpg,corrosion,4
image/kong_0115.jpg,void,2
image/kong_0277.jpg,void,2
image/kong_0278.jpg,void,2
image/xiu_177.jpg,corrosion,4
image/gangf_150.jpg,steel_crack,1
image/lou_0303.jpg,spalling,3
image/gangf_223.jpg,steel_crack,1
image/lou_0055.jpg,spalling,3
image/00019.jpg,pothole,5
image/crack_0177.jpg,concrete_crack,0
image/kong_0143.jpg,void,2
image/crack_0169.jpg,concrete_crack,0
image/kong_0383.jpg,void,2
image/kong_0332.jpg,void,2
image/gangf_070.jpg,steel_crack,1
image/kong_0090.jpg,void,2
image/crack_0020.jpg,concrete_crack,0
image/lou_0329.jpg,spalling,3
image/crack_0224.jpg,concrete_crack,0
image/xiu_042.jpg,corrosion,4
image/crack_0683.jpg,concrete_crack,0
image/crack_0226.jpg,concrete_crack,0
image/gangf_197.jpg,steel_crack,1
image/00078.jpg,pothole,5
image/kong_0107.jpg,void,2
image/crack_0697.jpg,concrete_crack,0
